COUNTRY,ISO3,WHO_REGION,DATA_SOURCE,DATE_UPDATED,TOTAL_VACCINATIONS,PERSONS_VACCINATED_1PLUS_DOSE,TOTAL_VACCINATIONS_PER100,PERSONS_VACCINATED_1PLUS_DOSE_PER100,PERSONS_FULLY_VACCINATED,PERSONS_FULLY_VACCINATED_PER100,FIRST_VACCINE_DATE,NUMBER_VACCINES_TYPES_USED,Beijing CNBG - BBIBP-CorV,Janssen - Ad26.COV 2.5,Pfizer BioNTech - Comirnaty,SII - Covishield,AstraZeneca - AZD1222,Gamaleya - Sputnik V,Moderna - mRNA-1273,CanSino - Ad5-nCOV,Bharat - Covaxin,Beijing CNBG - Inactivated,QazVac, Sinopharm/HayatVax,AstraZeneca - Vaxzevria, ZF2001,Wuhan CNBG - Inactivated,,VACCINES_USED,,,,,,,,
Afghanistan,AFG,EMRO,REPORTING,16-09-21,2367948,956131,6.083,2.456,1411817,3.627,22-02-21,4,1,1,1,1,0,0,0,0,0,0,0,0,0,0,0,,Beijing CNBG - BBIBP-CorV,Janssen - Ad26.COV 2.5,Pfizer BioNTech - Comirnaty,SII - Covishield,,,,,
Albania,ALB,EURO,OWID,16-09-21,1632986,911372,56.744,31.669,721614,25.075,,4,0,0,0,0,1,0,0,0,0,0,0,0,0,0,0,,AstraZeneca - AZD1222, Pfizer BioNTech - Comirnaty, Sinovac - CoronaVac, Gamaleya - Sputnik V,,,,,
Algeria,DZA,AFRO,REPORTING,12-09-21,9989662,5815039,22.781,13.261,4174623,9.52,30-01-21,3,1,0,0,1,0,1,0,0,0,0,0,0,0,0,0,,Beijing CNBG - BBIBP-CorV,Gamaleya - Sputnik V,SII - Covishield,,,,,,
American Samoa,ASM,WPRO,REPORTING,14-09-21,58228,32223,105.491,58.378,26551,48.102,21-12-20,3,0,1,1,0,0,0,1,0,0,0,0,0,0,0,0,,Janssen - Ad26.COV 2.5,Moderna - mRNA-1273,Pfizer BioNTech - Comirnaty,,,,,,
Andorra,AND,EURO,OWID,29-08-21,93430,51599,120.922,66.782,41831,54.14,,2,0,0,0,0,1,0,0,0,0,0,0,0,0,0,0,,AstraZeneca - AZD1222, Pfizer BioNTech - Comirnaty,,,,,,,
Angola,AGO,AFRO,REPORTING,19-09-21,2820134,1836547,8.581,5.588,983587,2.993,10-03-21,1,0,0,0,1,0,0,0,0,0,0,0,0,0,0,0,,SII - Covishield,,,,,,,,
Anguilla,AIA,AMRO,REPORTING,17-09-21,18565,9498,123.75,63.312,9067,60.439,05-02-21,1,0,0,0,0,0,0,0,0,0,0,0,0,1,0,0,,AstraZeneca - Vaxzevria,,,,,,,,
Antigua and Barbuda,ATG,AMRO,REPORTING,17-09-21,81298,44734,83.017,45.68,36564,37.337,19-02-21,6,1,1,1,1,0,1,0,0,0,0,0,0,1,0,0,,AstraZeneca - Vaxzevria,Beijing CNBG - BBIBP-CorV,Gamaleya - Sputnik V,Janssen - Ad26.COV 2.5,Pfizer BioNTech - Comirnaty,SII - Covishield,,,
Argentina,ARG,AMRO,REPORTING,03-09-21,43696315,28183966,96.682,62.36,15512349,34.323,29-12-20,7,1,0,1,1,0,1,1,1,0,0,0,0,1,0,0,,AstraZeneca - Vaxzevria,Beijing CNBG - BBIBP-CorV,CanSino - Ad5-nCOV,Gamaleya - Sputnik V,Moderna - mRNA-1273,Pfizer BioNTech - Comirnaty,SII - Covishield,,
Armenia,ARM,EURO,OWID,12-09-21,335721,215278,11.33,7.265,120443,4.065,,3,0,0,0,0,1,0,0,0,0,0,0,0,0,0,0,,AstraZeneca - AZD1222, Sinovac - CoronaVac, Gamaleya - Sputnik V,,,,,,
Aruba,ABW,AMRO,REPORTING,17-09-21,153671,80436,143.933,75.339,73235,68.594,17-02-21,2,0,1,1,0,0,0,0,0,0,0,0,0,0,0,0,,Janssen - Ad26.COV 2.5,Pfizer BioNTech - Comirnaty,,,,,,,
Australia,AUS,WPRO,REPORTING,11-09-21,22669372,13907333,88.9,54.539,8720390,34.198,21-02-21,3,0,0,1,0,0,0,0,0,0,0,0,0,1,0,0,,AstraZeneca - Vaxzevria,Novavax - Covavax,Pfizer BioNTech - Comirnaty,,,,,,
Austria,AUT,EURO,OWID,17-09-21,10707002,5654440,120.289,63.525,5340883,60.003,,4,0,1,0,0,0,0,0,0,0,0,0,0,0,0,0,,Janssen - Ad26.COV 2.5, Moderna - mRNA-1273, AstraZeneca - AZD1222, Pfizer BioNTech - Comirnaty,,,,,
Azerbaijan,AZE,EURO,OWID,16-09-21,7806235,4570812,76.991,45.081,3235423,31.91,,3,0,0,0,0,1,0,0,0,0,0,0,0,0,0,0,,AstraZeneca - AZD1222, Sinovac - CoronaVac, Gamaleya - Sputnik V,,,,,,
Bahamas,BHS,AMRO,REPORTING,17-09-21,173130,110712,44.026,28.154,62418,15.873,14-03-21,4,0,1,1,1,0,0,0,0,0,0,0,0,1,0,0,,AstraZeneca - Vaxzevria,Janssen - Ad26.COV 2.5,Pfizer BioNTech - Comirnaty,SII - Covishield,,,,,
Bahrain,BHR,EMRO,REPORTING,19-09-21,2538291,1160955,149.173,68.228,1105321,64.959,04-11-20,7,1,1,1,1,0,1,1,0,0,0,0,0,1,0,0,,AstraZeneca - Vaxzevria,Beijing CNBG - BBIBP-CorV,Gamaleya - Sputnik V,Janssen - Ad26.COV 2.5,Moderna - mRNA-1273,Pfizer BioNTech - Comirnaty,SII - Covishield,,
Bangladesh,BGD,SEARO,REPORTING,14-09-21,35455905,21324018,21.529,12.948,14131887,8.581,27-01-21,8,1,1,1,1,0,1,1,0,0,0,0,0,1,0,0,,AstraZeneca - Vaxzevria,Beijing CNBG - BBIBP-CorV,Gamaleya - Sputnik V,Janssen - Ad26.COV 2.5,Moderna - mRNA-1273,Pfizer BioNTech - Comirnaty,SII - Covishield,Sinovac - CoronaVac,
Barbados,BRB,AMRO,REPORTING,17-09-21,219970,123255,76.545,42.89,96715,33.655,10-02-21,4,1,0,1,1,0,0,0,0,0,0,0,0,1,0,0,,AstraZeneca - Vaxzevria,Beijing CNBG - BBIBP-CorV,Pfizer BioNTech - Comirnaty,SII - Covishield,,,,,
Belarus,BLR,EURO,OWID,12-09-21,3206505,1751254,33.934,18.533,1455251,15.401,,2,0,0,0,0,0,0,0,0,0,1,0,0,0,0,0,,Beijing CNBG - Inactivated, Gamaleya - Sputnik V,,,,,,,
Belgium,BEL,EURO,OWID,16-09-21,16442235,8515499,142.698,73.904,8297278,72.01,,4,0,1,0,0,0,0,0,0,0,0,0,0,0,0,0,,Janssen - Ad26.COV 2.5, Moderna - mRNA-1273, AstraZeneca - AZD1222, Pfizer BioNTech - Comirnaty,,,,,
Belize,BLZ,AMRO,REPORTING,17-09-21,270742,184312,68.089,46.353,91744,23.073,01-03-21,5,1,1,1,1,0,0,0,0,0,0,0,0,1,0,0,,AstraZeneca - Vaxzevria,Beijing CNBG - BBIBP-CorV,Janssen - Ad26.COV 2.5,Pfizer BioNTech - Comirnaty,SII - Covishield,,,,
Benin,BEN,AFRO,REPORTING,20-09-21,214396,60926,1.768,0.503,153470,1.266,29-03-21,2,0,0,0,1,0,0,0,0,0,0,0,0,0,0,0,,SII - Covishield,Sinovac - CoronaVac,,,,,,,
Bermuda,BMU,AMRO,REPORTING,17-09-21,86194,43549,138.413,69.932,42645,68.481,11-01-21,2,0,0,1,0,0,0,0,0,0,0,0,0,1,0,0,,AstraZeneca - Vaxzevria,Pfizer BioNTech - Comirnaty,,,,,,,
Bhutan,BTN,SEARO,REPORTING,12-09-21,1046117,567220,135.576,73.511,478897,62.065,27-03-21,5,1,0,1,1,0,0,1,0,0,0,0,0,1,0,0,,AstraZeneca - Vaxzevria,Beijing CNBG - BBIBP-CorV,Moderna - mRNA-1273,Pfizer BioNTech - Comirnaty,SII - Covishield,,,,
Bolivia (Plurinational State of),BOL,AMRO,REPORTING,17-09-21,6363625,4169194,54.516,35.716,3028636,25.946,30-01-21,5,1,1,1,1,0,1,0,0,0,0,0,0,0,0,0,,Beijing CNBG - BBIBP-CorV,Gamaleya - Sputnik V,Janssen - Ad26.COV 2.5,Pfizer BioNTech - Comirnaty,SII - Covishield,,,,
Bonaire,XAA,AMRO,REPORTING,17-09-21,29255,15595,139.876,74.564,13660,65.312,,,0,0,0,0,0,0,0,0,0,0,0,0,0,0,0,,,,,,,,,,
"Bonaire, Sint Eustatius and Saba",BES,AMRO,REPORTING,09-04-21,7391,5726,28.441,22.034,2965,11.41,22-02-21,2,0,0,1,0,0,0,1,0,0,0,0,0,0,0,0,,Moderna - mRNA-1273,Pfizer BioNTech - Comirnaty,,,,,,,
Bosnia and Herzegovina,BIH,EURO,OWID,07-09-21,1060145,634063,32.313,19.326,426082,12.987,,4,0,0,0,0,1,0,0,0,0,0,0,0,0,0,0,,AstraZeneca - AZD1222, Pfizer BioNTech - Comirnaty, Sinovac - CoronaVac, Gamaleya - Sputnik V,,,,,
Botswana,BWA,AFRO,REPORTING,01-09-21,379684,379526,16.146,16.139,318272,13.534,26-03-21,4,0,0,1,1,0,0,1,0,0,0,0,0,0,0,0,,Moderna - mRNA-1273,Pfizer BioNTech - Comirnaty,SII - Covishield,Sinovac - CoronaVac,,,,,
Brazil,BRA,AMRO,REPORTING,17-09-21,207860768,138338809,97.789,65.082,74055603,34.84,17-01-21,5,0,1,1,1,0,0,0,0,0,0,0,0,1,0,0,,AstraZeneca - Vaxzevria,Janssen - Ad26.COV 2.5,Pfizer BioNTech - Comirnaty,SII - Covishield,Sinovac - CoronaVac,,,,
British Virgin Islands,VGB,AMRO,REPORTING,10-09-21,31704,17298,104.852,57.208,14406,47.644,11-02-21,2,0,1,0,0,0,0,0,0,0,0,0,0,1,0,0,,AstraZeneca - Vaxzevria,Janssen - Ad26.COV 2.5,,,,,,,
Brunei Darussalam,BRN,WPRO,REPORTING,10-09-21,370287,235380,84.641,53.804,134907,30.837,03-04-21,5,1,1,1,0,0,0,1,0,0,0,0,0,1,0,0,,AstraZeneca - Vaxzevria,Beijing CNBG - BBIBP-CorV,Janssen - Ad26.COV 2.5,Moderna - mRNA-1273,Pfizer BioNTech - Comirnaty,,,,
Bulgaria,BGR,EURO,OWID,18-09-21,2461969,,35.416,,1274875,18.34,,4,0,1,0,0,0,0,0,0,0,0,0,0,0,0,0,,Janssen - Ad26.COV 2.5, Moderna - mRNA-1273, AstraZeneca - AZD1222, Pfizer BioNTech - Comirnaty,,,,,
Burkina Faso,BFA,AFRO,REPORTING,12-09-21,166160,166160,0.795,0.795,102268,0.489,02-06-21,1,0,0,0,1,0,0,0,0,0,0,0,0,0,0,0,,SII - Covishield,,,,,,,,
Cabo Verde,CPV,AFRO,REPORTING,16-09-21,385717,277322,69.375,49.879,108529,19.52,18-03-21,2,0,0,1,1,0,0,0,0,0,0,0,0,0,0,0,,Pfizer BioNTech - Comirnaty,SII - Covishield,,,,,,,
Cambodia,KHM,WPRO,REPORTING,10-09-21,20554497,11406989,122.941,68.228,9350408,55.927,10-02-21,5,1,1,0,1,0,0,0,0,0,0,0,0,1,0,0,,AstraZeneca - Vaxzevria,Beijing CNBG - BBIBP-CorV,Janssen - Ad26.COV 2.5,SII - Covishield,Sinovac - CoronaVac,,,,
Cameroon,CMR,AFRO,REPORTING,17-09-21,452336,370319,1.704,1.395,82017,0.309,12-04-21,2,1,0,0,1,0,0,0,0,0,0,0,0,0,0,0,,Beijing CNBG - BBIBP-CorV,SII - Covishield,,,,,,,
Canada,CAN,AMRO,REPORTING,17-09-21,54807381,28543478,145.215,75.628,26263903,69.588,14-12-20,3,0,0,1,1,0,0,1,0,0,0,0,0,0,0,0,,Moderna - mRNA-1273,Pfizer BioNTech - Comirnaty,SII - Covishield,,,,,,
Cayman Islands,CYM,AMRO,REPORTING,17-09-21,104609,54167,159.174,82.421,50442,76.753,15-01-21,1,0,0,1,0,0,0,0,0,0,0,0,0,0,0,0,,Pfizer BioNTech - Comirnaty,,,,,,,,
Central African Republic,CAF,AFRO,REPORTING,16-09-21,185678,82662,3.844,1.712,103016,2.133,19-03-21,2,0,0,0,1,0,0,0,0,1,0,0,0,0,0,0,,Bharat - Covaxin,SII - Covishield,,,,,,,
Chad,TCD,AFRO,REPORTING,19-09-21,123052,98213,0.749,0.598,24839,0.151,04-06-21,1,1,0,0,0,0,0,0,0,0,0,0,0,0,0,0,,Beijing CNBG - BBIBP-CorV,,,,,,,,
Chile,CHL,AMRO,REPORTING,17-09-21,30673101,14632278,160.456,76.544,13994080,73.205,21-12-20,4,0,0,1,0,0,0,0,1,0,0,0,0,1,0,0,,AstraZeneca - Vaxzevria,CanSino - Ad5-nCOV,Pfizer BioNTech - Comirnaty,Sinovac - CoronaVac,,,,,
China,CHN,WPRO,REPORTING,10-09-21,2143864359,1099627432,145.714,74.739,973716927,66.181,22-07-20,6,1,0,1,0,0,0,0,1,0,0,0,0,0,0,1,,Anhui ZL - Recombinant,Beijing CNBG - BBIBP-CorV,CanSino - Ad5-nCOV,Pfizer BioNTech - Comirnaty,Sinovac - CoronaVac,Wuhan CNBG - Inactivated,,,
Colombia,COL,AMRO,REPORTING,17-09-21,38002826,24841106,74.687,48.82,15968154,31.382,17-02-21,5,0,1,1,0,0,0,1,0,0,0,0,0,1,0,0,,AstraZeneca - Vaxzevria,Janssen - Ad26.COV 2.5,Moderna - mRNA-1273,Pfizer BioNTech - Comirnaty,Sinovac - CoronaVac,,,,
Comoros,COM,AFRO,REPORTING,20-09-21,334369,174765,38.451,20.097,159604,18.354,10-04-21,3,1,0,0,1,0,0,0,0,1,0,0,0,0,0,0,,Beijing CNBG - BBIBP-CorV,Bharat - Covaxin,SII - Covishield,,,,,,
Congo,COG,AFRO,REPORTING,20-09-21,209327,103167,3.793,1.87,106160,1.924,23-03-21,4,1,0,0,1,0,1,1,0,0,0,0,0,0,0,0,,Beijing CNBG - BBIBP-CorV,Gamaleya - Sputnik V,Moderna - mRNA-1273,SII - Covishield,,,,,
Cook Islands,COK,WPRO,REPORTING,03-08-21,21761,11416,123.895,64.997,10345,58.899,17-05-21,1,0,0,1,0,0,0,0,0,0,0,0,0,0,0,0,,Pfizer BioNTech - Comirnaty,,,,,,,,
Costa Rica,CRI,AMRO,REPORTING,17-09-21,4872085,3144786,95.641,61.734,1727299,33.908,24-12-20,2,0,0,1,0,0,0,0,0,0,0,0,0,1,0,0,,AstraZeneca - Vaxzevria,Pfizer BioNTech - Comirnaty,,,,,,,
Côte d’Ivoire,CIV,AFRO,REPORTING,19-09-21,1758966,1412268,6.668,5.354,346698,1.314,01-03-21,3,1,0,0,1,0,1,0,0,0,0,0,0,0,0,0,,Beijing CNBG - BBIBP-CorV,Gamaleya - Sputnik V,SII - Covishield,,,,,,
Croatia,HRV,EURO,OWID,17-09-21,3364565,1780180,82.909,43.867,1668319,41.11,,3,0,0,0,0,0,0,1,0,0,0,0,0,0,0,0,,Moderna - mRNA-1273, AstraZeneca - AZD1222, Pfizer BioNTech - Comirnaty,,,,,,
Cuba,CUB,AMRO,REPORTING,17-09-21,17208732,7461666,151.932,65.877,5302545,46.815,,2,0,0,0,0,0,0,0,0,0,0,0,0,0,0,0,,Abdala, Soberana02,,,,,,,
Curaçao,CUW,AMRO,REPORTING,17-09-21,185136,97149,112.824,59.204,87987,53.62,24-02-21,3,0,0,1,0,0,0,1,0,0,0,0,0,1,0,0,,AstraZeneca - Vaxzevria,Moderna - mRNA-1273,Pfizer BioNTech - Comirnaty,,,,,,
Cyprus,CYP,EURO,OWID,16-09-21,1129665,589098,127.214,66.339,540567,60.874,,4,0,1,0,0,0,0,0,0,0,0,0,0,0,0,0,,Janssen - Ad26.COV 2.5, Moderna - mRNA-1273, AstraZeneca - AZD1222, Pfizer BioNTech - Comirnaty,,,,,
Czechia,CZE,EURO,OWID,18-09-21,11712500,6042041,109.525,56.5,5894526,55.12,,4,0,1,0,0,0,0,0,0,0,0,0,0,0,0,0,,Janssen - Ad26.COV 2.5, Moderna - mRNA-1273, AstraZeneca - AZD1222, Pfizer BioNTech - Comirnaty,,,,,
Democratic Republic of the Congo,COD,AFRO,REPORTING,20-09-21,130482,96764,0.146,0.108,33718,0.038,19-04-21,1,0,0,0,1,0,0,0,0,0,0,0,0,0,0,0,,SII - Covishield,,,,,,,,
Denmark,DNK,EURO,OWID,17-09-21,8722656,4441715,149.803,76.282,4327326,74.317,,3,0,1,0,0,0,0,0,0,0,0,0,0,0,0,0,,Janssen - Ad26.COV 2.5, Moderna - mRNA-1273, Pfizer BioNTech - Comirnaty,,,,,,
Djibouti,DJI,EMRO,REPORTING,18-09-21,66010,40689,6.681,4.118,26087,2.64,15-03-21,6,1,1,1,1,0,1,0,0,0,0,0,0,0,0,0,,Beijing CNBG - BBIBP-CorV,Gamaleya - Sputnik V,Janssen - Ad26.COV 2.5,Pfizer BioNTech - Comirnaty,SII - Covishield,Sinovac - CoronaVac,,,
Dominica,DMA,AMRO,REPORTING,17-09-21,43971,23300,61.078,32.365,20671,28.713,12-02-21,4,1,0,1,1,0,0,0,0,0,0,0,0,1,0,0,,AstraZeneca - Vaxzevria,Beijing CNBG - BBIBP-CorV,Pfizer BioNTech - Comirnaty,SII - Covishield,,,,,
Dominican Republic,DOM,AMRO,REPORTING,17-09-21,11585713,5957432,106.801,54.918,4802290,44.269,16-02-21,3,0,0,0,1,0,0,0,0,0,0,0,0,1,0,0,,AstraZeneca - Vaxzevria,SII - Covishield,Sinovac - CoronaVac,,,,,,
Ecuador,ECU,AMRO,REPORTING,17-09-21,20320001,10998667,115.173,62.34,9620899,54.531,21-01-21,4,0,0,1,0,0,0,0,1,0,0,0,0,1,0,0,,AstraZeneca - Vaxzevria,CanSino - Ad5-nCOV,Pfizer BioNTech - Comirnaty,Sinovac - CoronaVac,,,,,
Egypt,EGY,EMRO,REPORTING,16-09-21,12964351,8158764,12.669,7.973,4805587,4.696,24-01-21,6,1,1,1,0,0,1,0,0,0,0,0,0,1,0,0,,AstraZeneca - Vaxzevria,Beijing CNBG - BBIBP-CorV,Gamaleya - Sputnik V,Janssen - Ad26.COV 2.5,Pfizer BioNTech - Comirnaty,Sinovac - CoronaVac,,,
El Salvador,SLV,AMRO,REPORTING,17-09-21,7013347,3748712,108.127,57.795,3264635,50.332,17-02-21,5,0,0,1,1,0,0,1,0,0,0,0,0,1,0,0,,AstraZeneca - Vaxzevria,Moderna - mRNA-1273,Pfizer BioNTech - Comirnaty,SII - Covishield,Sinovac - CoronaVac,,,,
Equatorial Guinea,GNQ,AFRO,REPORTING,16-09-21,375200,214122,26.743,15.262,161078,11.481,12-02-21,2,1,0,0,0,0,0,0,0,0,0,0,0,0,0,0,,Beijing CNBG - BBIBP-CorV,Sinovac - CoronaVac,,,,,,,
Estonia,EST,EURO,OWID,17-09-21,1330145,746599,100.088,56.179,583546,43.909,,4,0,1,0,0,0,0,0,0,0,0,0,0,0,0,0,,Janssen - Ad26.COV 2.5, Moderna - mRNA-1273, AstraZeneca - AZD1222, Pfizer BioNTech - Comirnaty,,,,,
Eswatini,SWZ,AFRO,REPORTING,19-09-21,231078,200605,19.918,17.291,193318,16.663,19-03-21,1,0,0,0,1,0,0,0,0,0,0,0,0,0,0,0,,SII - Covishield,,,,,,,,
Ethiopia,ETH,AFRO,REPORTING,20-09-21,3184627,2043626,2.77,1.778,1141001,0.992,13-03-21,3,1,0,0,1,0,0,0,0,1,0,0,0,0,0,0,,Beijing CNBG - BBIBP-CorV,Bharat - Covaxin,SII - Covishield,,,,,,
Falkland Islands (Malvinas),FLK,AMRO,OWID,14-04-21,4407,2632,126.529,75.567,1775,50.962,,1,0,0,0,0,1,0,0,0,0,0,0,0,0,0,0,,AstraZeneca - AZD1222,,,,,,,,
Faroe Islands,FRO,EURO,OWID,16-09-21,73208,37568,149.817,76.881,35640,72.936,,2,0,0,0,0,0,0,1,0,0,0,0,0,0,0,0,,Moderna - mRNA-1273, Pfizer BioNTech - Comirnaty,,,,,,,
Fiji,FJI,WPRO,REPORTING,10-09-21,907249,568998,101.205,63.473,338251,37.732,07-03-21,3,0,0,0,1,0,0,1,0,0,0,0,0,1,0,0,,AstraZeneca - Vaxzevria,Moderna - mRNA-1273,SII - Covishield,,,,,,
Finland,FIN,EURO,OWID,18-09-21,7358931,4099673,133.186,74.198,3259258,58.988,,3,0,0,0,0,0,0,1,0,0,0,0,0,0,0,0,,Moderna - mRNA-1273, AstraZeneca - AZD1222, Pfizer BioNTech - Comirnaty,,,,,,
France,FRA,EURO,OWID,15-09-21,92262410,49707676,141.856,76.427,43042655,66.179,,4,0,1,0,0,0,0,0,0,0,0,0,0,0,0,0,,Janssen - Ad26.COV 2.5, Moderna - mRNA-1273, AstraZeneca - AZD1222, Pfizer BioNTech - Comirnaty,,,,,
French Guiana,GUF,AMRO,REPORTING,17-09-21,139674,75993,46.763,25.443,63681,21.321,,,0,0,0,0,0,0,0,0,0,0,0,0,0,0,0,,,,,,,,,,
French Polynesia,PYF,WPRO,REPORTING,09-09-21,235567,147213,83.859,52.406,124635,44.369,18-01-21,2,0,1,1,0,0,0,0,0,0,0,0,0,0,0,0,,Janssen - Ad26.COV 2.5,Pfizer BioNTech - Comirnaty,,,,,,,
Gabon,GAB,AFRO,REPORTING,16-09-21,171339,100263,7.698,4.505,71076,3.193,23-03-21,1,1,0,0,0,0,0,0,0,0,0,0,0,0,0,0,,Beijing CNBG - BBIBP-CorV,,,,,,,,
Gambia,GMB,AFRO,REPORTING,02-09-21,198322,198482,8.206,8.213,20547,0.85,10-03-21,2,1,0,0,1,0,0,0,0,0,0,0,0,0,0,0,,Beijing CNBG - BBIBP-CorV,SII - Covishield,,,,,,,
Georgia,GEO,EURO,OWID,16-09-21,1610309,935094,40.367,23.441,675215,16.926,,4,0,0,0,0,1,0,0,0,0,0,0,0,0,0,0,,AstraZeneca - AZD1222, Pfizer BioNTech - Comirnaty, Beijing CNBG - Inactivated, Sinovac - CoronaVac,,,,,
Germany,DEU,EURO,OWID,17-09-21,105407388,55773989,126.742,67.063,52341392,62.936,,4,0,1,0,0,0,0,0,0,0,0,0,0,0,0,0,,Janssen - Ad26.COV 2.5, Moderna - mRNA-1273, AstraZeneca - AZD1222, Pfizer BioNTech - Comirnaty,,,,,
Ghana,GHA,AFRO,REPORTING,20-09-21,1623582,865422,5.225,2.785,758160,2.44,02-03-21,2,0,0,0,1,0,1,0,0,0,0,0,0,0,0,0,,Gamaleya - Sputnik V,SII - Covishield,,,,,,,
Gibraltar,GIB,EURO,OWID,17-09-21,79269,39837,235.282,118.242,39432,117.04,,1,0,0,1,0,0,0,0,0,0,0,0,0,0,0,0,,Pfizer BioNTech - Comirnaty,,,,,,,,
Greece,GRC,EURO,OWID,18-09-21,11879410,6362673,110.83,59.361,5939715,55.415,,4,0,1,0,0,0,0,0,0,0,0,0,0,0,0,0,,Janssen - Ad26.COV 2.5, Moderna - mRNA-1273, AstraZeneca - AZD1222, Pfizer BioNTech - Comirnaty,,,,,
Greenland,GRL,EURO,OWID,17-09-21,76772,40922,135.229,72.081,35850,63.147,,1,0,0,0,0,0,0,1,0,0,0,0,0,0,0,0,,Moderna - mRNA-1273,,,,,,,,
Grenada,GRD,AMRO,REPORTING,17-09-21,51610,30783,45.866,27.357,20827,18.509,15-02-21,3,0,0,1,1,0,0,0,0,0,0,0,0,1,0,0,,AstraZeneca - Vaxzevria,Pfizer BioNTech - Comirnaty,SII - Covishield,,,,,,
Guadeloupe,GLP,AMRO,REPORTING,17-09-21,201607,121444,50.386,30.352,79601,19.894,08-01-21,5,0,0,1,0,0,0,1,0,0,0,0,0,1,0,0,,AstraZeneca - Vaxzevria,Moderna - mRNA-1273,Pfizer BioNTech - Comirnaty,,,,,,
Guam,GUM,WPRO,REPORTING,14-09-21,220574,122191,130.691,72.399,107124,63.471,04-01-21,3,0,1,1,0,0,0,1,0,0,0,0,0,0,0,0,,Janssen - Ad26.COV 2.5,Moderna - mRNA-1273,Pfizer BioNTech - Comirnaty,,,,,,
Guatemala,GTM,AMRO,REPORTING,17-09-21,5862778,3963266,32.724,22.122,1899512,10.603,25-02-21,5,0,0,1,1,0,1,1,0,0,0,0,0,1,0,0,,AstraZeneca - Vaxzevria,Gamaleya - Sputnik V,Moderna - mRNA-1273,Pfizer BioNTech - Comirnaty,SII - Covishield,,,,
Guernsey,GGY,EURO,OWID,17-09-21,101487,,157.422,,,,,3,0,0,0,0,0,0,1,0,0,0,0,0,0,0,0,,Moderna - mRNA-1273, AstraZeneca - AZD1222, Pfizer BioNTech - Comirnaty,,,,,,
Guinea,GIN,AFRO,REPORTING,19-09-21,1444789,993156,11.001,7.562,451633,3.439,05-03-21,6,1,1,1,1,0,1,0,0,0,0,0,0,0,0,0,,Beijing CNBG - BBIBP-CorV,Gamaleya - Sputnik V,Janssen - Ad26.COV 2.5,Pfizer BioNTech - Comirnaty,SII - Covishield,Sinovac - CoronaVac,,,
Guinea-Bissau,GNB,AFRO,REPORTING,17-09-21,83294,76511,4.232,3.888,6783,0.345,02-04-21,2,1,0,0,1,0,0,0,0,0,0,0,0,0,0,0,,Beijing CNBG - BBIBP-CorV,SII - Covishield,,,,,,,
Guyana,GUY,AMRO,REPORTING,17-09-21,518295,341600,65.895,43.43,176695,22.465,11-02-21,6,1,0,1,1,0,1,1,0,0,0,0,0,1,0,0,,AstraZeneca - Vaxzevria,Beijing CNBG - BBIBP-CorV,Gamaleya - Sputnik V,Moderna - mRNA-1273,Pfizer BioNTech - Comirnaty,SII - Covishield,,,
Haiti,HTI,AMRO,REPORTING,17-09-21,57341,40198,0.503,0.353,17484,0.153,,2,0,1,0,0,0,0,1,0,0,0,0,0,0,0,0,,Janssen - Ad26.COV 2.5,Moderna - mRNA-1273,,,,,,,
Honduras,HND,AMRO,REPORTING,17-09-21,4381368,2590970,44.236,26.159,1790773,18.08,26-02-21,6,0,1,1,1,0,1,1,0,0,0,0,0,1,0,0,,AstraZeneca - Vaxzevria,Gamaleya - Sputnik V,Janssen - Ad26.COV 2.5,Moderna - mRNA-1273,Pfizer BioNTech - Comirnaty,SII - Covishield,,,
Hungary,HUN,EURO,OWID,16-09-21,,5855039,,59.932,5564586,56.959,,6,0,1,0,0,0,0,0,0,0,0,0,0,0,0,0,,Janssen - Ad26.COV 2.5, Moderna - mRNA-1273, AstraZeneca - AZD1222, Pfizer BioNTech - Comirnaty, Beijing CNBG - Inactivated, Gamaleya - Sputnik V,,,
Iceland,ISL,EURO,OWID,17-09-21,547788,281141,150.436,77.208,274175,75.295,,4,0,1,0,0,0,0,0,0,0,0,0,0,0,0,0,,Janssen - Ad26.COV 2.5, Moderna - mRNA-1273, AstraZeneca - AZD1222, Pfizer BioNTech - Comirnaty,,,,,
India,IND,SEARO,REPORTING,14-09-21,752238324,570511241,54.51,41.341,181727083,13.169,16-01-21,5,0,1,0,1,0,1,1,0,1,0,0,0,0,0,0,,Bharat - Covaxin,Gamaleya - Sputnik V,Janssen - Ad26.COV 2.5,Moderna - mRNA-1273,SII - Covishield,,,,
Indonesia,IDN,SEARO,REPORTING,14-09-21,117597616,74818286,42.994,27.354,42779330,15.64,13-01-21,5,1,0,1,0,0,0,1,0,0,0,0,0,1,0,0,,AstraZeneca - Vaxzevria,Beijing CNBG - BBIBP-CorV,Moderna - mRNA-1273,Pfizer BioNTech - Comirnaty,Sinovac - CoronaVac,,,,
Iran (Islamic Republic of),IRN,EMRO,REPORTING,20-09-21,43372270,29526662,51.638,35.154,13961491,16.622,09-02-21,4,1,0,0,0,0,1,0,0,1,0,0,0,1,0,0,,AstraZeneca - Vaxzevria,Beijing CNBG - BBIBP-CorV,Bharat - Covaxin,Gamaleya - Sputnik V,,,,,
Iraq,IRQ,EMRO,REPORTING,11-09-21,6672182,4203578,16.588,10.451,2468604,6.137,02-03-21,4,1,0,1,0,0,1,0,0,0,0,0,0,1,0,0,,AstraZeneca - Vaxzevria,Beijing CNBG - BBIBP-CorV,Gamaleya - Sputnik V,Pfizer BioNTech - Comirnaty,,,,,
Ireland,IRL,EURO,OWID,17-09-21,7105991,3748307,143.138,75.503,3592454,72.364,,4,0,1,0,0,0,0,0,0,0,0,0,0,0,0,0,,Janssen - Ad26.COV 2.5, Moderna - mRNA-1273, AstraZeneca - AZD1222, Pfizer BioNTech - Comirnaty,,,,,
Isle of Man,IMN,EURO,OWID,16-09-21,128915,65430,151.608,76.948,63485,74.66,,2,0,0,0,0,1,0,0,0,0,0,0,0,0,0,0,,AstraZeneca - AZD1222, Pfizer BioNTech - Comirnaty,,,,,,,
Israel,ISR,EURO,OWID,18-09-21,14671507,6061753,169.504,70.033,5575391,64.414,,2,0,0,0,0,0,0,1,0,0,0,0,0,0,0,0,,Moderna - mRNA-1273, Pfizer BioNTech - Comirnaty,,,,,,,
Italy,ITA,EURO,OWID,18-09-21,82278770,44217710,137.956,74.139,39524066,66.269,,4,0,1,0,0,0,0,0,0,0,0,0,0,0,0,0,,Janssen - Ad26.COV 2.5, Moderna - mRNA-1273, AstraZeneca - AZD1222, Pfizer BioNTech - Comirnaty,,,,,
Jamaica,JAM,AMRO,REPORTING,17-09-21,699529,503845,23.623,17.015,214971,7.26,10-03-21,3,0,1,0,1,0,0,0,0,0,0,0,0,1,0,0,,AstraZeneca - Vaxzevria,Janssen - Ad26.COV 2.5,SII - Covishield,,,,,,
Japan,JPN,WPRO,REPORTING,12-09-21,144312589,79835876,114.102,63.123,64476713,50.979,17-02-21,4,0,0,1,0,0,0,1,0,0,0,0,0,1,0,0,,AstraZeneca - Vaxzevria,Moderna - mRNA-1273,Novavax - Covavax,Pfizer BioNTech - Comirnaty,,,,,
Jersey,JEY,EURO,OWID,12-09-21,150379,76818,139.503,71.262,73561,68.241,,3,0,0,0,0,0,0,1,0,0,0,0,0,0,0,0,,Moderna - mRNA-1273, AstraZeneca - AZD1222, Pfizer BioNTech - Comirnaty,,,,,,
Jordan,JOR,EMRO,REPORTING,19-09-21,6805103,3630190,66.696,35.579,3174913,31.117,13-01-21,6,1,1,1,0,0,1,1,0,0,0,0,0,1,0,0,,AstraZeneca - Vaxzevria,Beijing CNBG - BBIBP-CorV,Gamaleya - Sputnik V,Janssen - Ad26.COV 2.5,Moderna - mRNA-1273,Pfizer BioNTech - Comirnaty,,,
Kazakhstan,KAZ,EURO,OWID,18-09-21,13368189,7259649,71.196,38.663,6108540,32.533,,3,0,0,0,0,0,0,0,0,0,0,1,1,0,0,0,,QazVac, Sinopharm/HayatVax, Gamaleya - Sputnik V,,,,,,
Kenya,KEN,AFRO,REPORTING,18-09-21,3351109,2492173,6.232,4.635,858936,1.597,05-03-21,1,0,0,0,1,0,0,0,0,0,0,0,0,0,0,0,,SII - Covishield,,,,,,,,
Kiribati,KIR,WPRO,REPORTING,10-09-21,36258,29429,30.354,24.637,6829,5.717,26-05-21,2,1,0,0,0,0,0,0,0,0,0,0,0,1,0,0,,AstraZeneca - Vaxzevria,Beijing CNBG - BBIBP-CorV,,,,,,,
Kosovo,XKX,EURO,OWID,18-09-21,1147803,722252,63.921,40.222,425551,23.699,,2,0,0,0,0,1,0,0,0,0,0,0,0,0,0,0,,AstraZeneca - AZD1222, Pfizer BioNTech - Comirnaty,,,,,,,
Kuwait,KWT,EMRO,REPORTING,04-08-21,2380000,,55.73,,,,28-12-20,5,1,1,1,0,0,0,1,0,0,0,0,0,1,0,0,,AstraZeneca - Vaxzevria,Beijing CNBG - BBIBP-CorV,Janssen - Ad26.COV 2.5,Moderna - mRNA-1273,Pfizer BioNTech - Comirnaty,,,,
Kyrgyzstan,KGZ,EURO,OWID,18-09-21,1331001,764781,20.401,11.722,561853,8.612,,2,0,0,0,0,0,0,0,0,0,1,0,0,0,0,0,,Beijing CNBG - Inactivated, Gamaleya - Sputnik V,,,,,,,
Lao People's Democratic Republic,LAO,WPRO,REPORTING,11-09-21,3664650,2656850,50.369,36.517,1857709,25.534,25-11-20,7,1,1,1,1,0,1,0,0,0,0,0,0,1,0,0,,AstraZeneca - Vaxzevria,Beijing CNBG - BBIBP-CorV,Gamaleya - Sputnik V,Janssen - Ad26.COV 2.5,Pfizer BioNTech - Comirnaty,SII - Covishield,Sinovac - CoronaVac,,
Latvia,LVA,EURO,OWID,17-09-21,1580201,888910,82.834,46.597,802871,42.086,,4,0,1,0,0,0,0,0,0,0,0,0,0,0,0,0,,Janssen - Ad26.COV 2.5, Moderna - mRNA-1273, AstraZeneca - AZD1222, Pfizer BioNTech - Comirnaty,,,,,
Lebanon,LBN,EMRO,REPORTING,20-09-21,2929966,1608545,42.927,23.567,1321421,19.36,14-02-21,4,1,0,1,0,0,1,0,0,0,0,0,0,1,0,0,,AstraZeneca - Vaxzevria,Beijing CNBG - BBIBP-CorV,Gamaleya - Sputnik V,Pfizer BioNTech - Comirnaty,,,,,
Lesotho,LSO,AFRO,REPORTING,20-09-21,332954,249173,15.542,11.631,238727,11.144,10-03-21,1,0,0,0,1,0,0,0,0,0,0,0,0,0,0,0,,SII - Covishield,,,,,,,,
Liberia,LBR,AFRO,REPORTING,15-09-21,215993,86288,4.271,1.706,129705,2.565,01-04-21,1,0,0,0,1,0,0,0,0,0,0,0,0,0,0,0,,SII - Covishield,,,,,,,,
Libya,LBY,EMRO,REPORTING,19-09-21,1464304,1305045,21.31,18.993,159259,2.318,11-04-21,7,1,1,1,0,0,1,1,0,0,0,0,0,1,0,0,,AstraZeneca - Vaxzevria,Beijing CNBG - BBIBP-CorV,Gamaleya - Sputnik V,Janssen - Ad26.COV 2.5,Moderna - mRNA-1273,Pfizer BioNTech - Comirnaty,Sinovac - CoronaVac,,
Liechtenstein,LIE,OTHER,OWID,16-09-21,44789,23699,115.593,61.163,21383,55.186,,2,0,0,0,0,0,0,1,0,0,0,0,0,0,0,0,,Moderna - mRNA-1273, Pfizer BioNTech - Comirnaty,,,,,,,
Lithuania,LTU,EURO,OWID,18-09-21,3317832,1721361,118.745,61.607,1596471,57.137,,4,0,1,0,0,0,0,0,0,0,0,0,0,0,0,0,,Janssen - Ad26.COV 2.5, Moderna - mRNA-1273, AstraZeneca - AZD1222, Pfizer BioNTech - Comirnaty,,,,,
Luxembourg,LUX,EURO,OWID,12-09-21,779620,416918,124.518,66.589,,,,4,0,1,0,0,0,0,0,0,0,0,0,0,0,0,0,,Janssen - Ad26.COV 2.5, Moderna - mRNA-1273, AstraZeneca - AZD1222, Pfizer BioNTech - Comirnaty,,,,,
Madagascar,MDG,AFRO,REPORTING,20-09-21,381633,197001,1.378,0.711,184632,0.667,10-05-21,1,0,0,0,1,0,0,0,0,0,0,0,0,0,0,0,,SII - Covishield,,,,,,,,
Malawi,MWI,AFRO,REPORTING,16-09-21,1027308,733157,5.37,3.833,466208,2.437,11-03-21,1,0,0,0,1,0,0,0,0,0,0,0,0,0,0,0,,SII - Covishield,,,,,,,,
Malaysia,MYS,WPRO,REPORTING,10-09-21,37395688,21080152,115.54,65.131,16680780,51.538,24-02-21,5,0,0,1,0,0,1,0,1,0,0,0,0,1,0,0,,AstraZeneca - Vaxzevria,CanSino - Ad5-nCOV,Gamaleya - Sputnik V,Pfizer BioNTech - Comirnaty,Sinovac - CoronaVac,,,,
Maldives,MDV,SEARO,REPORTING,12-09-21,710805,389235,131.498,72.008,321570,59.49,01-02-21,8,1,1,1,1,0,1,1,0,0,0,0,0,1,0,0,,AstraZeneca - Vaxzevria,Beijing CNBG - BBIBP-CorV,Gamaleya - Sputnik V,Janssen - Ad26.COV 2.5,Moderna - mRNA-1273,Pfizer BioNTech - Comirnaty,SII - Covishield,Sinovac - CoronaVac,
Mali,MLI,AFRO,REPORTING,20-09-21,396027,309550,1.956,1.529,86477,0.427,31-03-21,1,0,0,0,1,0,0,0,0,0,0,0,0,0,0,0,,SII - Covishield,,,,,,,,
Malta,MLT,EURO,OWID,17-09-21,811183,418618,157.645,81.354,418036,81.241,,4,0,1,0,0,0,0,0,0,0,0,0,0,0,0,0,,Janssen - Ad26.COV 2.5, Moderna - mRNA-1273, AstraZeneca - AZD1222, Pfizer BioNTech - Comirnaty,,,,,
Marshall Islands,MHL,WPRO,REPORTING,14-09-21,38923,21704,65.755,36.666,19017,32.127,29-12-20,3,0,1,1,0,0,0,1,0,0,0,0,0,0,0,0,,Janssen - Ad26.COV 2.5,Moderna - mRNA-1273,Pfizer BioNTech - Comirnaty,,,,,,
Martinique,MTQ,AMRO,REPORTING,17-09-21,202715,114562,54.019,30.528,88153,23.491,,1,0,0,1,0,0,0,0,0,0,0,0,0,0,0,0,,Pfizer BioNTech - Comirnaty,,,,,,,,
Mauritania,MRT,AFRO,REPORTING,19-09-21,872614,315182,18.767,6.779,557432,11.989,26-03-21,2,1,0,0,1,0,0,0,0,0,0,0,0,0,0,0,,Beijing CNBG - BBIBP-CorV,SII - Covishield,,,,,,,
Mauritius,MUS,AFRO,REPORTING,06-09-21,1483840,787076,116.675,61.888,696764,54.787,26-01-21,3,1,0,0,1,0,0,0,0,1,0,0,0,0,0,0,,Beijing CNBG - BBIBP-CorV,Bharat - Covaxin,SII - Covishield,,,,,,
Mexico,MEX,AMRO,REPORTING,17-09-21,94144251,61573170,73.018,47.756,40997724,31.798,24-12-20,7,0,1,1,0,0,1,1,1,0,0,0,0,1,0,0,,AstraZeneca - Vaxzevria,CanSino - Ad5-nCOV,Gamaleya - Sputnik V,Janssen - Ad26.COV 2.5,Moderna - mRNA-1273,Pfizer BioNTech - Comirnaty,Sinovac - CoronaVac,,
Micronesia (Federated States of),FSM,WPRO,REPORTING,14-09-21,67963,43235,59.086,37.588,35957,31.261,13-01-21,4,0,1,1,0,0,0,1,0,0,0,0,0,1,0,0,,AstraZeneca - Vaxzevria,Janssen - Ad26.COV 2.5,Moderna - mRNA-1273,Pfizer BioNTech - Comirnaty,,,,,
Monaco,MCO,EURO,OWID,16-09-21,49980,26672,127.357,67.965,23308,59.393,,1,0,0,1,0,0,0,0,0,0,0,0,0,0,0,0,,Pfizer BioNTech - Comirnaty,,,,,,,,
Mongolia,MNG,WPRO,REPORTING,10-09-21,4545348,2245997,138.65,68.511,2112809,64.449,23-02-21,6,1,0,1,1,0,1,1,0,0,0,0,0,1,0,0,,AstraZeneca - Vaxzevria,Beijing CNBG - BBIBP-CorV,Gamaleya - Sputnik V,Moderna - mRNA-1273,Pfizer BioNTech - Comirnaty,SII - Covishield,,,
Montenegro,MNE,EURO,OWID,17-09-21,432167,229399,68.81,36.525,202768,32.285,,4,0,0,0,0,1,0,0,0,0,0,0,0,0,0,0,,AstraZeneca - AZD1222, Pfizer BioNTech - Comirnaty, Beijing CNBG - Inactivated, Gamaleya - Sputnik V,,,,,
Montserrat,MSR,AMRO,REPORTING,17-09-21,2856,1472,57.131,29.446,1384,27.686,08-02-21,1,0,0,0,0,0,0,0,0,0,0,0,0,1,0,0,,AstraZeneca - Vaxzevria,,,,,,,,
Morocco,MAR,EMRO,REPORTING,19-09-21,38436040,21006394,104.133,56.912,17429646,47.221,28-01-21,5,1,1,1,0,0,1,0,0,0,0,0,0,1,0,0,,AstraZeneca - Vaxzevria,Beijing CNBG - BBIBP-CorV,Gamaleya - Sputnik V,Janssen - Ad26.COV 2.5,Pfizer BioNTech - Comirnaty,,,,
Mozambique,MOZ,AFRO,REPORTING,14-09-21,3644423,1903730,11.66,6.091,1740693,5.569,08-03-21,2,1,0,0,1,0,0,0,0,0,0,0,0,0,0,0,,Beijing CNBG - BBIBP-CorV,SII - Covishield,,,,,,,
Myanmar,MMR,SEARO,REPORTING,11-09-21,8184418,4944654,15.042,9.088,3239764,5.954,27-01-21,2,1,0,0,1,0,0,0,0,0,0,0,0,0,0,0,,Beijing CNBG - BBIBP-CorV,SII - Covishield,,,,,,,
Namibia,NAM,AFRO,REPORTING,17-09-21,297066,238724,11.691,9.395,150611,5.927,19-03-21,2,1,0,0,1,0,0,0,0,0,0,0,0,0,0,0,,Beijing CNBG - BBIBP-CorV,SII - Covishield,,,,,,,
Nauru,NRU,WPRO,REPORTING,20-08-21,14790,7612,136.515,70.26,7178,66.254,09-04-21,2,0,0,0,1,0,0,0,0,0,0,0,0,1,0,0,,AstraZeneca - Vaxzevria,SII - Covishield,,,,,,,
Nepal,NPL,SEARO,REPORTING,13-09-21,11032131,5833938,37.863,20.023,5198193,17.841,27-01-21,6,1,1,0,1,0,1,0,0,1,0,0,0,1,0,0,,AstraZeneca - Vaxzevria,Beijing CNBG - BBIBP-CorV,Bharat - Covaxin,Gamaleya - Sputnik V,Janssen - Ad26.COV 2.5,SII - Covishield,,,
Netherlands,NLD,EURO,OWID,18-09-21,22196529,12068854,127.511,69.331,10924705,62.758,,4,0,1,0,0,0,0,0,0,0,0,0,0,0,0,0,,Janssen - Ad26.COV 2.5, Moderna - mRNA-1273, AstraZeneca - AZD1222, Pfizer BioNTech - Comirnaty,,,,,
New Caledonia,NCL,WPRO,REPORTING,11-09-21,175794,100429,61.575,35.177,75365,26.398,20-01-21,1,0,0,1,0,0,0,0,0,0,0,0,0,0,0,0,,Pfizer BioNTech - Comirnaty,,,,,,,,
New Zealand,NZL,WPRO,REPORTING,10-09-21,4229686,2803535,87.712,58.138,1426151,29.574,19-02-21,4,0,1,1,0,0,0,0,0,0,0,0,0,1,0,0,,AstraZeneca - Vaxzevria,Janssen - Ad26.COV 2.5,Novavax - Covavax,Pfizer BioNTech - Comirnaty,,,,,
Nicaragua,NIC,AMRO,REPORTING,17-09-21,769105,490472,11.61,7.404,278633,4.206,02-03-21,3,0,0,0,1,0,1,0,0,0,0,0,0,1,0,0,,AstraZeneca - Vaxzevria,Gamaleya - Sputnik V,SII - Covishield,,,,,,
Niger,NER,AFRO,REPORTING,20-09-21,512294,405918,2.116,1.677,106376,0.439,29-03-21,2,1,0,0,1,0,0,0,0,0,0,0,0,0,0,0,,Beijing CNBG - BBIBP-CorV,SII - Covishield,,,,,,,
Nigeria,NGA,AFRO,REPORTING,19-09-21,6186647,4415507,3.001,2.142,1771140,0.859,05-03-21,1,0,0,0,1,0,0,0,0,0,0,0,0,0,0,0,,SII - Covishield,,,,,,,,
Niue,NIU,WPRO,REPORTING,02-08-21,2352,1202,145.365,74.289,1150,71.075,08-06-21,1,0,0,1,0,0,0,0,0,0,0,0,0,0,0,0,,Pfizer BioNTech - Comirnaty,,,,,,,,
North Macedonia,MKD,EURO,OWID,17-09-21,1435392,767653,68.897,36.847,667739,32.051,,5,0,0,0,0,1,0,0,0,0,0,0,0,0,0,0,,AstraZeneca - AZD1222, Pfizer BioNTech - Comirnaty, Beijing CNBG - Inactivated, Sinovac - CoronaVac, Gamaleya - Sputnik V,,,,
Northern Mariana Islands (Commonwealth of the),MNP,WPRO,REPORTING,10-09-21,68474,35268,118.967,61.275,33978,59.034,19-12-20,3,0,1,1,0,0,0,1,0,0,0,0,0,0,0,0,,Janssen - Ad26.COV 2.5,Moderna - mRNA-1273,Pfizer BioNTech - Comirnaty,,,,,,
Norway,NOR,EURO,OWID,16-09-21,7586705,4046955,141.343,75.396,3539750,65.947,,2,0,0,0,0,0,0,1,0,0,0,0,0,0,0,0,,Moderna - mRNA-1273, Pfizer BioNTech - Comirnaty,,,,,,,
occupied Palestinian territory,PSE,EMRO,REPORTING,06-09-21,1206277,741385,23.646,14.533,464892,9.113,02-02-21,7,1,1,1,0,0,1,1,0,0,0,0,0,1,0,0,,AstraZeneca - Vaxzevria,Beijing CNBG - BBIBP-CorV,Gamaleya - Sputnik V,Janssen - Ad26.COV 2.5,Moderna - mRNA-1273,Pfizer BioNTech - Comirnaty,Sinovac - CoronaVac,,
Oman,OMN,EMRO,REPORTING,20-09-21,4636486,2810262,90.794,55.032,1826224,35.762,29-12-20,5,0,0,1,1,0,1,0,0,0,0,0,0,1,0,0,,AstraZeneca - Vaxzevria,Gamaleya - Sputnik V,Pfizer BioNTech - Comirnaty,SII - Covishield,Sinovac - CoronaVac,,,,
Pakistan,PAK,EMRO,REPORTING,20-09-21,73941358,30170721,33.474,13.659,24768158,11.213,03-02-21,8,1,0,1,1,0,1,1,1,1,0,0,0,0,0,0,,Beijing CNBG - BBIBP-CorV,Bharat - Covaxin,CanSino - Ad5-nCOV,Gamaleya - Sputnik V,Moderna - mRNA-1273,Pfizer BioNTech - Comirnaty,SII - Covishield,Sinovac - CoronaVac,
Palau,PLW,WPRO,REPORTING,14-09-21,29734,17177,164.349,94.943,14854,82.103,03-01-21,3,0,1,1,0,0,0,1,0,0,0,0,0,0,0,0,,Janssen - Ad26.COV 2.5,Moderna - mRNA-1273,Pfizer BioNTech - Comirnaty,,,,,,
Panama,PAN,AMRO,REPORTING,17-09-21,5252959,2907280,121.744,67.38,2345679,54.364,20-01-21,2,0,0,1,0,0,0,0,0,0,0,0,0,1,0,0,,AstraZeneca - Vaxzevria,Pfizer BioNTech - Comirnaty,,,,,,,
Papua New Guinea,PNG,WPRO,REPORTING,13-09-21,164776,119996,1.842,1.341,45074,0.504,30-03-21,4,1,1,0,1,0,0,0,0,0,0,0,0,1,0,0,,AstraZeneca - Vaxzevria,Beijing CNBG - BBIBP-CorV,Janssen - Ad26.COV 2.5,SII - Covishield,,,,,
Paraguay,PRY,AMRO,REPORTING,17-09-21,4401222,2550991,61.706,35.766,1850231,25.941,22-02-21,7,1,0,1,0,0,1,1,0,1,0,0,0,1,0,0,,AstraZeneca - Vaxzevria,Beijing CNBG - BBIBP-CorV,Bharat - Covaxin,Gamaleya - Sputnik V,Moderna - mRNA-1273,Pfizer BioNTech - Comirnaty,Sinovac - CoronaVac,,
Peru,PER,AMRO,REPORTING,17-09-21,22778732,13611549,69.085,41.282,9167183,27.803,09-02-21,4,1,0,1,0,0,0,0,0,0,0,0,0,1,0,1,,AstraZeneca - Vaxzevria,Beijing CNBG - BBIBP-CorV,Pfizer BioNTech - Comirnaty,Wuhan CNBG - Inactivated,,,,,
Philippines,PHL,WPRO,REPORTING,09-09-21,37728114,25195827,34.429,22.993,16138934,14.728,01-03-21,9,1,1,0,0,0,1,1,0,1,0,0,0,1,0,0,,AstraZeneca - Vaxzevria,Beijing CNBG - BBIBP-CorV,Bharat - Covaxin,Gamaleya - Sputnik V,Janssen - Ad26.COV 2.5,Moderna - mRNA-1273,Novavax - Covavax,Pfizer BioNTech - Comirnaty,Sinovac - CoronaVac
Pitcairn Islands,PCN,WPRO,REPORTING,22-07-21,73,37,146,74,36,72,17-05-21,1,0,0,0,0,0,0,0,0,0,0,0,0,1,0,0,,AstraZeneca - Vaxzevria,,,,,,,,
Poland,POL,EURO,OWID,17-09-21,36922081,19625034,97.271,51.702,19219358,50.633,,4,0,1,0,0,0,0,0,0,0,0,0,0,0,0,0,,Janssen - Ad26.COV 2.5, Moderna - mRNA-1273, AstraZeneca - AZD1222, Pfizer BioNTech - Comirnaty,,,,,
Portugal,PRT,EURO,OWID,14-09-21,15550992,8846756,151.04,85.925,8319395,80.803,,4,0,1,0,0,0,0,0,0,0,0,0,0,0,0,0,,Janssen - Ad26.COV 2.5, Moderna - mRNA-1273, AstraZeneca - AZD1222, Pfizer BioNTech - Comirnaty,,,,,
Puerto Rico,PRI,AMRO,REPORTING,17-09-21,4508079,2483873,157.578,86.823,2153540,75.276,,3,0,1,1,0,0,0,1,0,0,0,0,0,0,0,0,,Janssen - Ad26.COV 2.5,Moderna - mRNA-1273,Pfizer BioNTech - Comirnaty,,,,,,
Qatar,QAT,EMRO,REPORTING,19-09-21,4658268,2134729,161.686,74.095,1816789,63.06,23-12-20,4,0,1,1,0,0,0,1,0,0,0,0,0,1,0,0,,AstraZeneca - Vaxzevria,Janssen - Ad26.COV 2.5,Moderna - mRNA-1273,Pfizer BioNTech - Comirnaty,,,,,
Republic of Korea,KOR,WPRO,REPORTING,13-09-21,51832703,33130333,101.099,64.62,20036176,39.08,26-02-21,5,0,1,1,0,0,0,1,0,0,0,0,0,1,0,0,,AstraZeneca - Vaxzevria,Janssen - Ad26.COV 2.5,Moderna - mRNA-1273,Novavax - Covavax,Pfizer BioNTech - Comirnaty,,,,
Republic of Moldova,MDA,EURO,OWID,18-09-21,1359731,,33.707,,752255,18.648,,5,0,1,0,0,0,0,0,0,0,0,0,0,0,0,0,,Janssen - Ad26.COV 2.5, AstraZeneca - AZD1222, Pfizer BioNTech - Comirnaty, Beijing CNBG - Inactivated, Gamaleya - Sputnik V,,,,
Romania,ROU,EURO,OWID,17-09-21,9925785,5357532,51.352,27.718,5246397,27.143,,4,0,1,0,0,0,0,0,0,0,0,0,0,0,0,0,,Janssen - Ad26.COV 2.5, Moderna - mRNA-1273, AstraZeneca - AZD1222, Pfizer BioNTech - Comirnaty,,,,,
Russian Federation,RUS,EURO,OWID,17-09-21,87267626,46745074,59.799,32.032,40522552,27.768,,2,0,0,0,0,0,0,0,0,0,0,0,0,0,0,0,,SRCVB - EpiVacCorona, Gamaleya - Sputnik V,,,,,,,
Rwanda,RWA,AFRO,REPORTING,19-09-21,3340448,1836045,25.791,14.176,1368758,10.568,14-02-21,3,0,0,1,1,0,0,1,0,0,0,0,0,0,0,0,,Moderna - mRNA-1273,Pfizer BioNTech - Comirnaty,SII - Covishield,,,,,,
Saba,XCA,AMRO,REPORTING,17-09-21,1300,,67.253,,1300,67.253,,,0,0,0,0,0,0,0,0,0,0,0,0,0,0,0,,,,,,,,,,
Saint Helena,SHN,AFRO,OWID,05-05-21,7892,4361,129.995,71.833,3531,58.162,,1,0,0,0,0,1,0,0,0,0,0,0,0,0,0,0,,AstraZeneca - AZD1222,,,,,,,,
Saint Kitts and Nevis,KNA,AMRO,REPORTING,17-09-21,46884,24968,88.141,46.939,21916,41.202,22-02-21,3,0,0,1,1,0,0,0,0,0,0,0,0,1,0,0,,AstraZeneca - Vaxzevria,Pfizer BioNTech - Comirnaty,SII - Covishield,,,,,,
Saint Lucia,LCA,AMRO,REPORTING,17-09-21,71517,42594,38.947,23.196,28923,15.751,17-02-21,3,0,0,1,1,0,0,0,0,0,0,0,0,1,0,0,,AstraZeneca - Vaxzevria,Pfizer BioNTech - Comirnaty,SII - Covishield,,,,,,
Saint Vincent and the Grenadines,VCT,AMRO,REPORTING,17-09-21,32626,19722,29.409,17.777,12904,11.632,01-02-21,4,0,0,1,1,0,1,0,0,0,0,0,0,1,0,0,,AstraZeneca - Vaxzevria,Gamaleya - Sputnik V,Pfizer BioNTech - Comirnaty,SII - Covishield,,,,,
Samoa,WSM,WPRO,REPORTING,10-09-21,142216,96865,71.676,48.82,45351,22.857,18-04-21,1,0,0,0,0,0,0,0,0,0,0,0,0,1,0,0,,AstraZeneca - Vaxzevria,,,,,,,,
San Marino,SMR,EURO,OWID,13-09-21,46917,24329,138.243,71.687,24329,71.687,,2,0,0,1,0,0,0,0,0,0,0,0,0,0,0,0,,Pfizer BioNTech - Comirnaty, Gamaleya - Sputnik V,,,,,,,
Sao Tome and Principe,STP,AFRO,REPORTING,17-09-21,65542,51447,29.906,23.475,14095,6.431,15-03-21,2,0,0,0,1,0,0,0,0,0,0,0,0,1,0,0,,AstraZeneca - Vaxzevria,SII - Covishield,,,,,,,
Saudi Arabia,SAU,EMRO,REPORTING,20-09-21,40959293,23109796,117.652,66.381,17849497,51.271,06-01-21,4,0,1,1,0,0,0,1,0,0,0,0,0,1,0,0,,AstraZeneca - Vaxzevria,Janssen - Ad26.COV 2.5,Moderna - mRNA-1273,Pfizer BioNTech - Comirnaty,,,,,
Senegal,SEN,AFRO,REPORTING,20-09-21,1723067,1221424,10.291,7.295,799722,4.776,23-02-21,2,1,0,0,1,0,0,0,0,0,0,0,0,0,0,0,,Beijing CNBG - BBIBP-CorV,SII - Covishield,,,,,,,
Serbia,SRB,EURO,OWID,16-09-21,6238655,2990502,90.067,43.174,2854142,41.205,,4,0,0,0,0,1,0,0,0,0,0,0,0,0,0,0,,AstraZeneca - AZD1222, Pfizer BioNTech - Comirnaty, Beijing CNBG - Inactivated, Gamaleya - Sputnik V,,,,,
Seychelles,SYC,AFRO,REPORTING,16-09-21,148402,77311,150.896,78.61,71091,72.286,10-01-21,2,1,0,0,1,0,0,0,0,0,0,0,0,0,0,0,,Beijing CNBG - BBIBP-CorV,SII - Covishield,,,,,,,
Sierra Leone,SLE,AFRO,REPORTING,13-09-21,221110,181065,2.772,2.27,40045,0.502,15-03-21,2,1,0,0,1,0,0,0,0,0,0,0,0,0,0,0,,Beijing CNBG - BBIBP-CorV,SII - Covishield,,,,,,,
Singapore,SGP,WPRO,REPORTING,10-09-21,8846497,4551854,151.213,77.805,4411550,75.407,30-12-20,3,0,0,1,0,0,0,1,0,0,0,0,0,1,0,0,,AstraZeneca - Vaxzevria,Moderna - mRNA-1273,Pfizer BioNTech - Comirnaty,,,,,,
Sint Eustatius,XBA,AMRO,REPORTING,17-09-21,2800,1449,89.2,46.161,1351,43.039,,,0,0,0,0,0,0,0,0,0,0,0,0,0,0,0,,,,,,,,,,
Sint Maarten,SXM,AMRO,REPORTING,17-09-21,49159,25672,114.638,59.867,23487,54.771,22-02-21,3,0,0,1,0,0,0,1,0,0,0,0,0,1,0,0,,AstraZeneca - Vaxzevria,Moderna - mRNA-1273,Pfizer BioNTech - Comirnaty,,,,,,
Slovakia,SVK,EURO,OWID,17-09-21,4636179,2415058,84.945,44.249,2221121,40.696,,3,0,0,0,0,0,0,1,0,0,0,0,0,0,0,0,,Moderna - mRNA-1273, AstraZeneca - AZD1222, Pfizer BioNTech - Comirnaty,,,,,,
Slovenia,SVN,EURO,OWID,18-09-21,2053257,1085401,97.967,51.788,967856,46.179,,2,0,0,0,0,1,0,0,0,0,0,0,0,0,0,0,,AstraZeneca - AZD1222, Pfizer BioNTech - Comirnaty,,,,,,,
Solomon Islands,SLB,WPRO,REPORTING,10-09-21,97744,74573,14.23,10.857,23171,3.373,23-03-21,3,1,0,0,1,0,0,0,0,0,0,0,0,1,0,0,,AstraZeneca - Vaxzevria,Beijing CNBG - BBIBP-CorV,SII - Covishield,,,,,,
Somalia,SOM,EMRO,REPORTING,20-09-21,390141,241945,2.455,1.522,148196,0.932,16-03-21,4,1,1,0,1,0,0,0,0,0,0,0,0,0,0,0,,Beijing CNBG - BBIBP-CorV,Janssen - Ad26.COV 2.5,SII - Covishield,Sinovac - CoronaVac,,,,,
South Africa,ZAF,AFRO,REPORTING,19-09-21,15970308,8073654,26.927,13.613,7896654,13.314,17-02-21,1,0,1,0,0,0,0,0,0,0,0,0,0,0,0,0,,Janssen - Ad26.COV 2.5,,,,,,,,
South Sudan,SSD,AFRO,REPORTING,19-09-21,96041,69157,0.858,0.618,26884,0.24,06-04-21,1,0,0,0,1,0,0,0,0,0,0,0,0,0,0,0,,SII - Covishield,,,,,,,,
Spain,ESP,EURO,OWID,16-09-21,69094664,37385758,145.977,78.985,35784743,75.603,,4,0,1,0,0,0,0,0,0,0,0,0,0,0,0,0,,Janssen - Ad26.COV 2.5, Moderna - mRNA-1273, AstraZeneca - AZD1222, Pfizer BioNTech - Comirnaty,,,,,
Sri Lanka,LKA,SEARO,REPORTING,13-09-21,24226161,13553534,113.136,63.295,10672627,49.841,29-01-21,6,1,0,1,1,0,1,1,0,0,0,0,0,1,0,0,,AstraZeneca - Vaxzevria,Beijing CNBG - BBIBP-CorV,Gamaleya - Sputnik V,Moderna - mRNA-1273,Pfizer BioNTech - Comirnaty,SII - Covishield,,,
Sudan,SDN,EMRO,REPORTING,19-09-21,1499982,649062,3.421,1.48,581846,1.327,09-03-21,5,1,1,1,1,0,0,0,0,0,0,0,0,0,0,0,,Beijing CNBG - BBIBP-CorV,Janssen - Ad26.COV 2.5,Pfizer BioNTech - Comirnaty,SII - Covishield,Sinovac - CoronaVac,,,,
Suriname,SUR,AMRO,REPORTING,17-09-21,374184,215679,63.785,36.766,158505,27.019,23-02-21,5,1,0,1,1,0,0,1,0,0,0,0,0,1,0,0,,AstraZeneca - Vaxzevria,Beijing CNBG - BBIBP-CorV,Moderna - mRNA-1273,Pfizer BioNTech - Comirnaty,SII - Covishield,,,,
Sweden,SWE,EURO,OWID,17-09-21,13403076,7070462,129.779,68.462,6332614,61.317,,3,0,0,0,0,0,0,1,0,0,0,0,0,0,0,0,,Moderna - mRNA-1273, AstraZeneca - AZD1222, Pfizer BioNTech - Comirnaty,,,,,,
Switzerland,CHE,EURO,OWID,16-09-21,10055192,5270807,116.183,60.902,4587999,53.012,,2,0,0,0,0,0,0,1,0,0,0,0,0,0,0,0,,Moderna - mRNA-1273, Pfizer BioNTech - Comirnaty,,,,,,,
Syrian Arab Republic,SYR,EMRO,REPORTING,13-09-21,533949,285087,3.051,1.629,248862,1.422,01-04-21,5,1,1,0,1,0,1,0,0,0,0,0,0,0,0,0,,Beijing CNBG - BBIBP-CorV,Gamaleya - Sputnik V,Janssen - Ad26.COV 2.5,SII - Covishield,Sinovac - CoronaVac,,,,
Tajikistan,TJK,EURO,OWID,13-09-21,3446777,2168537,36.139,22.737,1278240,13.402,,3,0,0,0,0,0,0,1,0,0,0,0,0,0,0,0,,Moderna - mRNA-1273, AstraZeneca - AZD1222, Sinovac - CoronaVac,,,,,,
Thailand,THA,SEARO,REPORTING,12-09-21,39661281,27303700,56.821,39.117,12357581,17.704,28-02-21,7,1,1,1,1,0,0,1,0,0,0,0,0,1,0,0,,AstraZeneca - Vaxzevria,Beijing CNBG - BBIBP-CorV,Janssen - Ad26.COV 2.5,Moderna - mRNA-1273,Pfizer BioNTech - Comirnaty,SII - Covishield,Sinovac - CoronaVac,,
The United Kingdom,GBR,EURO,REPORTING,13-09-21,92487365,48439272,136.2,71.172,43935821,64.72,21-12-20,3,0,0,1,0,0,0,1,0,0,0,0,0,1,0,0,,AstraZeneca - Vaxzevria,Moderna - mRNA-1273,Pfizer BioNTech - Comirnaty,,,,,,
Timor-Leste,TLS,SEARO,REPORTING,14-09-21,643324,408918,48.794,31.015,234406,17.779,07-04-21,3,0,0,0,1,0,0,0,0,0,0,0,0,1,0,0,,AstraZeneca - Vaxzevria,SII - Covishield,Sinovac - CoronaVac,,,,,,
Togo,TGO,AFRO,REPORTING,17-09-21,832822,445041,10.06,5.376,387781,4.684,10-03-21,1,0,0,0,1,0,0,0,0,0,0,0,0,0,0,0,,SII - Covishield,,,,,,,,
Tokelau,TKL,WPRO,REPORTING,03-08-21,968,968,71.704,71.704,,,20-07-21,1,0,0,1,0,0,0,0,0,0,0,0,0,0,0,0,,Pfizer BioNTech - Comirnaty,,,,,,,,
Tonga,TON,WPRO,REPORTING,13-09-21,73603,46126,69.637,43.641,27477,25.996,14-04-21,1,0,0,0,0,0,0,0,0,0,0,0,0,1,0,0,,AstraZeneca - Vaxzevria,,,,,,,,
Trinidad and Tobago,TTO,AMRO,REPORTING,17-09-21,1009873,564871,72.16,40.363,456483,32.618,17-02-21,5,1,1,1,1,0,0,0,0,0,0,0,0,1,0,0,,AstraZeneca - Vaxzevria,Beijing CNBG - BBIBP-CorV,Janssen - Ad26.COV 2.5,Pfizer BioNTech - Comirnaty,SII - Covishield,,,,
Tunisia,TUN,EMRO,REPORTING,18-09-21,7132375,4656510,60.349,39.4,3209273,27.154,13-03-21,7,1,1,1,0,0,1,1,0,0,0,0,0,1,0,0,,AstraZeneca - Vaxzevria,Beijing CNBG - BBIBP-CorV,Gamaleya - Sputnik V,Janssen - Ad26.COV 2.5,Moderna - mRNA-1273,Pfizer BioNTech - Comirnaty,Sinovac - CoronaVac,,
Turkey,TUR,EURO,OWID,18-09-21,104894094,52601310,124.372,62.369,41902917,49.684,,2,0,0,1,0,0,0,0,0,0,0,0,0,0,0,0,,Pfizer BioNTech - Comirnaty, Sinovac - CoronaVac,,,,,,,
Turkmenistan,TKM,EURO,OWID,04-04-21,41993,32240,0.696,0.535,9753,0.162,,4,0,0,0,0,0,0,0,0,0,0,0,0,0,0,0,,SRCVB - EpiVacCorona, AstraZeneca - AZD1222, Beijing CNBG - Inactivated, Gamaleya - Sputnik V,,,,,
Turks and Caicos Islands,TCA,AMRO,REPORTING,17-09-21,52374,27446,135.27,70.887,24928,64.383,11-01-21,1,0,0,1,0,0,0,0,0,0,0,0,0,0,0,0,,Pfizer BioNTech - Comirnaty,,,,,,,,
Tuvalu,TUV,WPRO,REPORTING,10-09-21,10861,6209,92.105,52.654,4652,39.45,13-04-21,1,0,0,0,0,0,0,0,0,0,0,0,0,1,0,0,,AstraZeneca - Vaxzevria,,,,,,,,
Uganda,UGA,AFRO,REPORTING,01-09-21,1436264,1030447,3.14,2.253,366658,0.802,10-03-21,1,0,0,0,1,0,0,0,0,0,0,0,0,0,0,0,,SII - Covishield,,,,,,,,
Ukraine,UKR,EURO,OWID,18-09-21,11420819,6282896,26.114,14.366,5137923,11.748,,4,0,0,0,0,0,0,1,0,0,0,0,0,0,0,0,,Moderna - mRNA-1273, AstraZeneca - AZD1222, Pfizer BioNTech - Comirnaty, Sinovac - CoronaVac,,,,,
United Arab Emirates,ARE,EMRO,REPORTING,20-09-21,19486569,,197.025,,,,14-12-20,5,1,0,1,1,0,1,0,0,0,0,0,0,1,0,0,,AstraZeneca - Vaxzevria,Beijing CNBG - BBIBP-CorV,Gamaleya - Sputnik V,Pfizer BioNTech - Comirnaty,SII - Covishield,,,,
United Republic of Tanzania,TZA,AFRO,REPORTING,16-09-21,389807,0,0.653,0,354807,0.594,,1,0,1,0,0,0,0,0,0,0,0,0,0,0,0,0,,Janssen - Ad26.COV 2.5,,,,,,,,
United States of America,USA,AMRO,REPORTING,17-09-21,388936652,221241577,117.503,66.84,182628424,55.174,14-12-20,3,0,1,1,0,0,0,1,0,0,0,0,0,0,0,0,,Janssen - Ad26.COV 2.5,Moderna - mRNA-1273,Pfizer BioNTech - Comirnaty,,,,,,
Uruguay,URY,AMRO,REPORTING,17-09-21,5983253,2714224,172.243,78.136,2555614,73.57,27-02-21,3,0,0,1,0,0,0,0,0,0,0,0,0,1,0,0,,AstraZeneca - Vaxzevria,Pfizer BioNTech - Comirnaty,Sinovac - CoronaVac,,,,,,
Uzbekistan,UZB,EURO,OWID,15-09-21,17435318,,52.094,,3345225,9.995,,3,0,0,0,0,1,0,0,0,0,0,0,0,0,1,0,,AstraZeneca - AZD1222, Gamaleya - Sputnik V, ZF2001,,,,,,
Vanuatu,VUT,WPRO,REPORTING,12-09-21,57171,42840,18.614,13.948,14345,4.67,02-06-21,2,1,0,0,0,0,0,0,0,0,0,0,0,1,0,0,,AstraZeneca - Vaxzevria,Beijing CNBG - BBIBP-CorV,,,,,,,
Venezuela (Bolivarian Republic of),VEN,AMRO,REPORTING,17-09-21,11094206,6822809,39.015,23.994,4261397,14.986,22-02-21,3,1,0,0,0,0,1,0,0,0,0,0,0,0,0,1,,Beijing CNBG - BBIBP-CorV,Gamaleya - Sputnik V,Wuhan CNBG - Inactivated,,,,,,
Viet Nam,VNM,WPRO,REPORTING,10-09-21,25926688,21459102,26.636,22.046,4467586,4.59,08-03-21,5,1,0,1,0,0,1,1,0,0,0,0,0,1,0,0,,AstraZeneca - Vaxzevria,Beijing CNBG - BBIBP-CorV,Gamaleya - Sputnik V,Moderna - mRNA-1273,Pfizer BioNTech - Comirnaty,,,,
Wallis and Futuna,WLF,WPRO,REPORTING,09-09-21,9902,4952,88.049,44.033,4950,44.016,19-03-21,1,0,0,0,0,0,0,1,0,0,0,0,0,0,0,0,,Moderna - mRNA-1273,,,,,,,,
Yemen,YEM,EMRO,REPORTING,12-09-21,322934,308025,1.083,1.033,14909,0.05,20-04-21,2,0,1,0,1,0,0,0,0,0,0,0,0,0,0,0,,Janssen - Ad26.COV 2.5,SII - Covishield,,,,,,,
Zambia,ZMB,AFRO,REPORTING,23-08-21,503707,303966,2.74,1.653,199741,1.086,14-04-21,1,0,0,0,1,0,0,0,0,0,0,0,0,0,0,0,,SII - Covishield,,,,,,,,
Zimbabwe,ZWE,AFRO,REPORTING,14-09-21,4751735,2856955,31.97,19.222,1894780,12.748,18-02-21,3,1,0,0,0,0,0,0,0,1,0,0,0,0,0,0,,Beijing CNBG - BBIBP-CorV,Bharat - Covaxin,Sinovac - CoronaVac,,,,,,
